{"records":[{"calendar_integration":"1","country":"","user_password":"","last_login_time":"2012-06-01 10:29:33","source":"","sys_updated_on":"2020-04-11 01:11:52","building":"","web_service_access_only":"false","notification":"1","enable_multifactor_authn":"false","sys_updated_by":"admin","sys_created_on":"2020-03-05 04:02:27","sys_domain":"global","state":"","vip":"false","sys_created_by":"admin","__status":"success","zip":"","home_phone":"","time_format":"","last_login":"","default_perspective":"","active":"true","sys_domain_path":"\/","cost_center":"7fb1cc99c0a80a6d30c04574d14c0acf","phone":"+1 (890) 123-4567","name":"Beth Anglin","employee_number":"","password_needs_reset":"false","gender":"","city":"","failed_attempts":"0","user_name":"beth.anglin","roles":"itil,asset","title":"Technical Engineering Manager","sys_class_name":"sys_user","sys_id":"46d44a23a9fe19810012d100cca80666","internal_integration_user":"false","ldap_server":"","mobile_phone":"","street":"","company":"31bea3d53790200044e0bfc8bcbe5dec","department":"221f79b7c6112284005d646b76ab978c","first_name":"Beth","email":"beth.anglin@example.com","introduction":"","preferred_language":"","manager":"","locked_out":"false","sys_mod_count":"3","last_name":"Anglin","photo":"","avatar":"ee4eebf30a0004d963b5c5ac0d734dc4","middle_name":"","sys_tags":"","time_zone":"","schedule":"","date_format":"","location":""}]}