{"records":[{"parent":"","manager":"f298d2d2c611227b0106c6be7f154bc8","roles":"","sys_mod_count":"8","active":"true","description":"ITSM engineering","source":"","sys_updated_on":"2020-04-11 01:15:10","sys_tags":"","type":"1cb8ab9bff500200158bffffffffff62","sys_id":"5f721d93c0a8010e015533746de18bf9","sys_updated_by":"admin","cost_center":"","default_assignee":"","sys_created_on":"2011-07-01 21:15:49","name":"ITSM Engineering","exclude_manager":"false","email":"","include_members":"false","sys_created_by":"glide.maint","__status":"success"},{"parent":"","manager":"46d44a23a9fe19810012d100cca80666","roles":"","sys_mod_count":"9","active":"true","description":"Technical Services","source":"","sys_updated_on":"2020-04-11 01:15:32","sys_tags":"","type":"1cb8ab9bff500200158bffffffffff62","sys_id":"5f74727dc0a8010e01efe33a251993f9","sys_updated_by":"admin","cost_center":"","default_assignee":"","sys_created_on":"2011-07-01 21:18:22","name":"Technical Services","exclude_manager":"false","email":"","include_members":"false","sys_created_by":"glide.maint","__status":"success"},{"parent":"4d10b2abd7f70200b96d45a3ce6103aa","manager":"f298d2d2c611227b0106c6be7f154bc8","roles":"","sys_mod_count":"9","active":"true","description":"Software","source":"","sys_updated_on":"2020-04-11 01:14:52","sys_tags":"","type":"1cb8ab9bff500200158bffffffffff62","sys_id":"8a4dde73c6112278017a6a4baf547aa7","sys_updated_by":"admin","cost_center":"","default_assignee":"","sys_created_on":"2011-02-11 01:51:32","name":"Software","exclude_manager":"false","email":"","include_members":"false","sys_created_by":"glide.maint","__status":"success"},{"parent":"","manager":"46d44a23a9fe19810012d100cca80666","roles":"","sys_mod_count":"5","active":"true","description":"","source":"","sys_updated_on":"2020-04-11 01:14:42","sys_tags":"","type":"","sys_id":"d625dccec0a8016700a222a0f7900d06","sys_updated_by":"admin","cost_center":"","default_assignee":"","sys_created_on":"2017-07-03 00:14:56","name":"Service Desk","exclude_manager":"false","email":"","include_members":"false","sys_created_by":"glide.maint","__status":"success"}]}