{"records":[{"schedule_source":"no_schedule","relative_duration_works_on":"Task record","retroactive_pause":"true","set_start_to":"sys_created_on","timezone":"","when_to_cancel":"no_match","sys_updated_on":"2019-03-25 10:13:46","type":"OLA","pause_condition":"","sys_class_name":"contract_sla","duration":"1970-01-01 00:15:00","sys_id":"2ca94b74c3143200b6dcdfdc64d3ae93","sys_updated_by":"admin","cancel_condition":"","sys_created_on":"2017-01-11 14:54:47","sys_domain":"global","reset_condition":"","resume_condition":"","sys_name":"LAB Priority 1 response (15 minutes)","sys_scope":"global","reset_action":"","flow":"","sys_created_by":"admin","__status":"success","stop_condition":"\n\t\t\tstate!=1^assigned_toISNOTEMPTY^EQ","start_condition":"\n\t\t\tactive=true^priority=1^assignment_groupISNOTEMPTY^EQ","schedule_source_field":"","workflow":"4b6570360a0a0b3000bbacab877713f2","duration_type":"","sys_mod_count":"4","active":"true","sys_overrides":"","collection":"incident","sys_domain_path":"\/","sys_tags":"","target":"response","schedule":"","sys_package":"16bdfdb7b56600102f6bf1b61fbb0930","sys_update_name":"contract_sla_2ca94b74c3143200b6dcdfdc64d3ae93","timezone_source":"task.caller_id.time_zone","enable_logging":"false","name":"LAB Priority 1 response (15 minutes)","retroactive":"true","condition_class":"","when_to_resume":"no_match","sys_policy":""},{"schedule_source":"no_schedule","relative_duration_works_on":"Task record","retroactive_pause":"true","set_start_to":"sys_created_on","timezone":"","when_to_cancel":"no_match","sys_updated_on":"2019-03-25 10:13:56","type":"OLA","pause_condition":"","sys_class_name":"contract_sla","duration":"1970-01-01 04:00:00","sys_id":"35c213b4c3143200b6dcdfdc64d3ae21","sys_updated_by":"admin","cancel_condition":"","sys_created_on":"2017-01-11 15:34:44","sys_domain":"global","reset_condition":"","resume_condition":"","sys_name":"LAB Priority 3 response (4 hours)","sys_scope":"global","reset_action":"","flow":"","sys_created_by":"admin","__status":"success","stop_condition":"\n\t\t\tincident_state!=1^assigned_toISNOTEMPTY^EQ","start_condition":"\n\t\t\tactive=true^priority=3^assignment_groupISNOTEMPTY^EQ","schedule_source_field":"","workflow":"4b6570360a0a0b3000bbacab877713f2","duration_type":"","sys_mod_count":"5","active":"true","sys_overrides":"","collection":"incident","sys_domain_path":"\/","sys_tags":"","target":"response","schedule":"08fcd0830a0a0b2600079f56b1adb9ae","sys_package":"16bdfdb7b56600102f6bf1b61fbb0930","sys_update_name":"contract_sla_35c213b4c3143200b6dcdfdc64d3ae21","timezone_source":"task.caller_id.time_zone","enable_logging":"false","name":"LAB Priority 3 response (4 hours)","retroactive":"true","condition_class":"","when_to_resume":"no_match","sys_policy":""},{"schedule_source":"no_schedule","relative_duration_works_on":"Task record","retroactive_pause":"true","set_start_to":"sys_created_on","timezone":"","when_to_cancel":"no_match","sys_updated_on":"2019-03-25 10:14:00","type":"OLA","pause_condition":"","sys_class_name":"contract_sla","duration":"1970-01-01 08:00:00","sys_id":"375397f4c3143200b6dcdfdc64d3ae60","sys_updated_by":"admin","cancel_condition":"","sys_created_on":"2017-01-11 15:37:20","sys_domain":"global","reset_condition":"","resume_condition":"","sys_name":"LAB Priority 4 response (8 hours)","sys_scope":"global","reset_action":"","flow":"","sys_created_by":"admin","__status":"success","stop_condition":"\n\t\t\tincident_state!=1^assigned_toISNOTEMPTY^EQ","start_condition":"\n\t\t\tactive=true^priority=4^assignment_groupISNOTEMPTY^EQ","schedule_source_field":"","workflow":"4b6570360a0a0b3000bbacab877713f2","duration_type":"","sys_mod_count":"4","active":"true","sys_overrides":"","collection":"incident","sys_domain_path":"\/","sys_tags":"","target":"response","schedule":"08fcd0830a0a0b2600079f56b1adb9ae","sys_package":"16bdfdb7b56600102f6bf1b61fbb0930","sys_update_name":"contract_sla_375397f4c3143200b6dcdfdc64d3ae60","timezone_source":"task.caller_id.time_zone","enable_logging":"false","name":"LAB Priority 4 response (8 hours)","retroactive":"true","condition_class":"","when_to_resume":"no_match","sys_policy":""},{"schedule_source":"sla_definition","relative_duration_works_on":"Task record","retroactive_pause":"true","set_start_to":"sys_created_on","timezone":"","when_to_cancel":"never","sys_updated_on":"2019-03-25 10:13:36","type":"SLA","pause_condition":"priority!=4^EQ","sys_class_name":"contract_sla","duration":"1970-01-06 00:00:00","sys_id":"62bea2ca0f281b802a753f5ce1050e6f","sys_updated_by":"admin","cancel_condition":"","sys_created_on":"2018-03-01 12:47:38","sys_domain":"global","reset_condition":"","resume_condition":"priority=4^EQ","sys_name":"LAB P4 Definition","sys_scope":"global","reset_action":"","flow":"","sys_created_by":"isaak.papagiannidis@snc","__status":"success","stop_condition":"active=false^EQ","start_condition":"active=true^priority=4^EQ","schedule_source_field":"","workflow":"4b6570360a0a0b3000bbacab877713f2","duration_type":"","sys_mod_count":"2","active":"true","sys_overrides":"","collection":"incident","sys_domain_path":"\/","sys_tags":"","target":"","schedule":"08fcd0830a0a0b2600079f56b1adb9ae","sys_package":"global","sys_update_name":"contract_sla_62bea2ca0f281b802a753f5ce1050e6f","timezone_source":"task.caller_id.time_zone","enable_logging":"false","name":"LAB P4 Definition","retroactive":"false","condition_class":"","when_to_resume":"on_condition","sys_policy":""},{"schedule_source":"no_schedule","relative_duration_works_on":"Task record","retroactive_pause":"true","set_start_to":"sys_created_on","timezone":"","when_to_cancel":"no_match","sys_updated_on":"2019-03-25 10:13:52","type":"OLA","pause_condition":"","sys_class_name":"contract_sla","duration":"1970-01-01 01:00:00","sys_id":"752bcf74c3143200b6dcdfdc64d3aeeb","sys_updated_by":"admin","cancel_condition":"","sys_created_on":"2017-01-11 15:01:25","sys_domain":"global","reset_condition":"","resume_condition":"","sys_name":"LAB Priority 2 response (1 hour)","sys_scope":"global","reset_action":"cancel","flow":"","sys_created_by":"admin","__status":"success","stop_condition":"incident_state!=1^assigned_toISNOTEMPTY^EQ","start_condition":"active=true^priority=2^assignment_groupISNOTEMPTY^EQ","schedule_source_field":"","workflow":"4b6570360a0a0b3000bbacab877713f2","duration_type":"","sys_mod_count":"4","active":"true","sys_overrides":"","collection":"incident","sys_domain_path":"\/","sys_tags":"","target":"response","schedule":"08fcd0830a0a0b2600079f56b1adb9ae","sys_package":"16bdfdb7b56600102f6bf1b61fbb0930","sys_update_name":"contract_sla_752bcf74c3143200b6dcdfdc64d3aeeb","timezone_source":"task.caller_id.time_zone","enable_logging":"false","name":"LAB Priority 2 response (1 hour)","retroactive":"true","condition_class":"","when_to_resume":"no_match","sys_policy":""},{"schedule_source":"sla_definition","relative_duration_works_on":"Task record","retroactive_pause":"true","set_start_to":"sys_created_on","timezone":"","when_to_cancel":"never","sys_updated_on":"2019-03-25 10:13:31","type":"SLA","pause_condition":"priority!=3^EQ","sys_class_name":"contract_sla","duration":"1970-01-04 00:00:00","sys_id":"856eae8a0f281b802a753f5ce1050e22","sys_updated_by":"admin","cancel_condition":"","sys_created_on":"2018-03-01 12:46:10","sys_domain":"global","reset_condition":"","resume_condition":"priority=3^EQ","sys_name":"LAB P3 Definition","sys_scope":"global","reset_action":"","flow":"","sys_created_by":"isaak.papagiannidis@snc","__status":"success","stop_condition":"active=false^EQ","start_condition":"active=true^priority=3^EQ","schedule_source_field":"","workflow":"4b6570360a0a0b3000bbacab877713f2","duration_type":"","sys_mod_count":"3","active":"true","sys_overrides":"","collection":"incident","sys_domain_path":"\/","sys_tags":"","target":"","schedule":"08fcd0830a0a0b2600079f56b1adb9ae","sys_package":"global","sys_update_name":"contract_sla_856eae8a0f281b802a753f5ce1050e22","timezone_source":"task.caller_id.time_zone","enable_logging":"false","name":"LAB P3 Definition","retroactive":"false","condition_class":"","when_to_resume":"on_condition","sys_policy":""},{"schedule_source":"sla_definition","relative_duration_works_on":"Task record","retroactive_pause":"true","set_start_to":"sys_updated_on","timezone":"","when_to_cancel":"never","sys_updated_on":"2019-03-25 10:13:42","type":"SLA","pause_condition":"priority!=5^EQ","sys_class_name":"contract_sla","duration":"1970-01-15 00:00:00","sys_id":"92fea6ca0f281b802a753f5ce1050e2e","sys_updated_by":"admin","cancel_condition":"","sys_created_on":"2018-03-01 12:48:42","sys_domain":"global","reset_condition":"","resume_condition":"priority=5^EQ","sys_name":"LAB P5 Definition","sys_scope":"global","reset_action":"","flow":"","sys_created_by":"isaak.papagiannidis@snc","__status":"success","stop_condition":"active=false^EQ","start_condition":"active=true^priority=5^EQ","schedule_source_field":"","workflow":"4b6570360a0a0b3000bbacab877713f2","duration_type":"","sys_mod_count":"3","active":"true","sys_overrides":"","collection":"incident","sys_domain_path":"\/","sys_tags":"","target":"","schedule":"08fcd0830a0a0b2600079f56b1adb9ae","sys_package":"global","sys_update_name":"contract_sla_92fea6ca0f281b802a753f5ce1050e2e","timezone_source":"task.caller_id.time_zone","enable_logging":"false","name":"LAB P5 Definition","retroactive":"true","condition_class":"","when_to_resume":"on_condition","sys_policy":""},{"schedule_source":"no_schedule","relative_duration_works_on":"Task record","retroactive_pause":"true","set_start_to":"sys_created_on","timezone":"","when_to_cancel":"no_match","sys_updated_on":"2019-03-25 10:14:04","type":"OLA","pause_condition":"","sys_class_name":"contract_sla","duration":"1970-01-02 16:00:00","sys_id":"b0e39bf4c3143200b6dcdfdc64d3ae19","sys_updated_by":"admin","cancel_condition":"","sys_created_on":"2017-01-11 15:39:35","sys_domain":"global","reset_condition":"","resume_condition":"","sys_name":"LAB Priority 5 response (40 hours)","sys_scope":"global","reset_action":"","flow":"","sys_created_by":"admin","__status":"success","stop_condition":"\n\t\t\tincident_state!=1^assigned_toISNOTEMPTY^EQ","start_condition":"\n\t\t\tactive=true^priority=5^assignment_groupISNOTEMPTY^EQ","schedule_source_field":"","workflow":"4b6570360a0a0b3000bbacab877713f2","duration_type":"","sys_mod_count":"4","active":"true","sys_overrides":"","collection":"incident","sys_domain_path":"\/","sys_tags":"","target":"response","schedule":"08fcd0830a0a0b2600079f56b1adb9ae","sys_package":"16bdfdb7b56600102f6bf1b61fbb0930","sys_update_name":"contract_sla_b0e39bf4c3143200b6dcdfdc64d3ae19","timezone_source":"task.caller_id.time_zone","enable_logging":"false","name":"LAB Priority 5 response (40 hours)","retroactive":"true","condition_class":"","when_to_resume":"no_match","sys_policy":""},{"schedule_source":"sla_definition","relative_duration_works_on":"Task record","retroactive_pause":"true","set_start_to":"sys_created_on","timezone":"","when_to_cancel":"never","sys_updated_on":"2019-03-25 10:13:23","type":"SLA","pause_condition":"priority!=1^EQ","sys_class_name":"contract_sla","duration":"1970-01-01 00:30:00","sys_id":"baec2e4a0f281b802a753f5ce1050e93","sys_updated_by":"admin","cancel_condition":"","sys_created_on":"2018-03-01 12:41:45","sys_domain":"global","reset_condition":"","resume_condition":"priority=1^EQ","sys_name":"LAB P1 Definition","sys_scope":"global","reset_action":"cancel","flow":"","sys_created_by":"isaak.papagiannidis@snc","__status":"success","stop_condition":"active=false^EQ","start_condition":"active=true^priority=1^EQ","schedule_source_field":"","workflow":"4b6570360a0a0b3000bbacab877713f2","duration_type":"","sys_mod_count":"6","active":"true","sys_overrides":"","collection":"incident","sys_domain_path":"\/","sys_tags":"","target":"","schedule":"08fcd0830a0a0b2600079f56b1adb9ae","sys_package":"global","sys_update_name":"contract_sla_baec2e4a0f281b802a753f5ce1050e93","timezone_source":"task.caller_id.time_zone","enable_logging":"false","name":"LAB P1 Definition","retroactive":"false","condition_class":"","when_to_resume":"on_condition","sys_policy":""},{"schedule_source":"sla_definition","relative_duration_works_on":"Task record","retroactive_pause":"true","set_start_to":"sys_created_on","timezone":"","when_to_cancel":"never","sys_updated_on":"2019-03-25 10:13:27","type":"SLA","pause_condition":"priority!=2^EQ","sys_class_name":"contract_sla","duration":"1970-01-01 01:00:00","sys_id":"eb3e2e8a0f281b802a753f5ce1050e29","sys_updated_by":"admin","cancel_condition":"","sys_created_on":"2018-03-01 12:45:32","sys_domain":"global","reset_condition":"","resume_condition":"priority=2^EQ","sys_name":"LAB P2 Definition","sys_scope":"global","reset_action":"","flow":"","sys_created_by":"isaak.papagiannidis@snc","__status":"success","stop_condition":"active=false^EQ","start_condition":"active=true^priority=2^EQ","schedule_source_field":"","workflow":"4b6570360a0a0b3000bbacab877713f2","duration_type":"","sys_mod_count":"4","active":"true","sys_overrides":"","collection":"incident","sys_domain_path":"\/","sys_tags":"","target":"","schedule":"08fcd0830a0a0b2600079f56b1adb9ae","sys_package":"global","sys_update_name":"contract_sla_eb3e2e8a0f281b802a753f5ce1050e29","timezone_source":"task.caller_id.time_zone","enable_logging":"false","name":"LAB P2 Definition","retroactive":"false","condition_class":"","when_to_resume":"on_condition","sys_policy":""}]}