{"records":[{"dependent_value":"","sys_mod_count":"0","language":"en","label":"Inquiry \/ Help","sys_updated_on":"2019-02-08 16:45:33","sys_domain_path":"\/","sys_tags":"","sequence":"1","sys_id":"ed180734f8a323007f44410ebb2b052c","inactive":"false","sys_updated_by":"system","sys_created_on":"2019-02-08 16:45:33","hint":"","sys_domain":"global","name":"incident","value":"inquiry","sys_created_by":"system","element":"category","__status":"success"},{"dependent_value":"","sys_mod_count":"0","language":"en","label":"Software","sys_updated_on":"2019-02-08 16:45:33","sys_domain_path":"\/","sys_tags":"","sequence":"2","sys_id":"21180734f8a323007f44410ebb2b052d","inactive":"false","sys_updated_by":"system","sys_created_on":"2019-02-08 16:45:33","hint":"","sys_domain":"global","name":"incident","value":"software","sys_created_by":"system","element":"category","__status":"success"},{"dependent_value":"","sys_mod_count":"0","language":"en","label":"Hardware","sys_updated_on":"2019-02-08 16:45:33","sys_domain_path":"\/","sys_tags":"","sequence":"3","sys_id":"61180734f8a323007f44410ebb2b052d","inactive":"false","sys_updated_by":"system","sys_created_on":"2019-02-08 16:45:33","hint":"","sys_domain":"global","name":"incident","value":"hardware","sys_created_by":"system","element":"category","__status":"success"},{"dependent_value":"","sys_mod_count":"0","language":"en","label":"Network","sys_updated_on":"2019-02-08 16:45:33","sys_domain_path":"\/","sys_tags":"","sequence":"4","sys_id":"a1180734f8a323007f44410ebb2b052d","inactive":"false","sys_updated_by":"system","sys_created_on":"2019-02-08 16:45:33","hint":"","sys_domain":"global","name":"incident","value":"network","sys_created_by":"system","element":"category","__status":"success"},{"dependent_value":"","sys_mod_count":"0","language":"en","label":"Database","sys_updated_on":"2019-02-08 16:45:33","sys_domain_path":"\/","sys_tags":"","sequence":"5","sys_id":"e1180734f8a323007f44410ebb2b052d","inactive":"false","sys_updated_by":"system","sys_created_on":"2019-02-08 16:45:33","hint":"","sys_domain":"global","name":"incident","value":"database","sys_created_by":"system","element":"category","__status":"success"},{"dependent_value":"","sys_mod_count":"0","language":"en","label":"Request","sys_updated_on":"2020-01-20 09:28:17","sys_domain_path":"\/","sys_tags":"","sequence":"6","sys_id":"700a5b847d2600107f4435fa0d70884d","inactive":"false","sys_updated_by":"admin","sys_created_on":"2020-01-20 09:28:17","hint":"","sys_domain":"global","name":"incident","value":"request","sys_created_by":"admin","element":"category","__status":"success"}]}