{"records":[{"sys_id":"0097b05fdbcd5300bb1d546fdf9619b3","sys_updated_by":"admin","sys_created_on":"2018-03-29 21:51:00","sys_mod_count":"2","u_nps":"6.9","u_score_date":"2018-03-22","sys_updated_on":"2018-04-09 18:09:02","sys_tags":"","sys_created_by":"admin","__status":"success"},{"sys_id":"0fc7345fdbcd5300bb1d546fdf9619f6","sys_updated_by":"admin","sys_created_on":"2018-03-29 21:52:03","sys_mod_count":"2","u_nps":"7.1","u_score_date":"2018-04-19","sys_updated_on":"2018-04-09 18:09:02","sys_tags":"","sys_created_by":"admin","__status":"success"},{"sys_id":"3326341fdbcd5300bb1d546fdf9619da","sys_updated_by":"admin","sys_created_on":"2018-03-29 21:44:54","sys_mod_count":"3","u_nps":"7.1","u_score_date":"2018-04-02","sys_updated_on":"2018-04-09 18:09:02","sys_tags":"","sys_created_by":"admin","__status":"success"},{"sys_id":"3bf7b45fdbcd5300bb1d546fdf96199b","sys_updated_by":"admin","sys_created_on":"2018-03-29 21:52:50","sys_mod_count":"2","u_nps":"6.9","u_score_date":"2018-03-01","sys_updated_on":"2018-04-09 18:09:02","sys_tags":"","sys_created_by":"admin","__status":"success"},{"sys_id":"5d46741fdbcd5300bb1d546fdf9619fe","sys_updated_by":"admin","sys_created_on":"2018-03-29 21:45:18","sys_mod_count":"2","u_nps":"7","u_score_date":"2018-02-01","sys_updated_on":"2018-04-09 18:09:02","sys_tags":"","sys_created_by":"admin","__status":"success"},{"sys_id":"7a36741fdbcd5300bb1d546fdf96197b","sys_updated_by":"admin","sys_created_on":"2018-03-29 21:45:05","sys_mod_count":"2","u_nps":"7.2","u_score_date":"2018-03-01","sys_updated_on":"2018-04-09 18:09:02","sys_tags":"","sys_created_by":"admin","__status":"success"},{"sys_id":"9177b05fdbcd5300bb1d546fdf96191b","sys_updated_by":"admin","sys_created_on":"2018-03-29 21:50:30","sys_mod_count":"2","u_nps":"7","u_score_date":"2018-03-29","sys_updated_on":"2018-04-09 18:09:02","sys_tags":"","sys_created_by":"admin","__status":"success"},{"sys_id":"9ee7b45fdbcd5300bb1d546fdf961937","sys_updated_by":"admin","sys_created_on":"2018-03-29 21:52:37","sys_mod_count":"2","u_nps":"6.8","u_score_date":"2018-05-03","sys_updated_on":"2018-04-09 18:09:02","sys_tags":"","sys_created_by":"admin","__status":"success"},{"sys_id":"ba16741fdbcd5300bb1d546fdf961927","sys_updated_by":"admin","sys_created_on":"2018-03-29 21:44:41","sys_mod_count":"2","u_nps":"7.2","u_score_date":"2018-05-02","sys_updated_on":"2018-04-09 18:09:02","sys_tags":"","sys_created_by":"admin","__status":"success"},{"sys_id":"bab7345fdbcd5300bb1d546fdf961900","sys_updated_by":"admin","sys_created_on":"2018-03-29 21:51:47","sys_mod_count":"2","u_nps":"7.3","u_score_date":"2018-04-12","sys_updated_on":"2018-04-09 18:09:02","sys_tags":"","sys_created_by":"admin","__status":"success"},{"sys_id":"c087f05fdbcd5300bb1d546fdf96197e","sys_updated_by":"admin","sys_created_on":"2018-03-29 21:50:39","sys_mod_count":"2","u_nps":"6.9","u_score_date":"2018-03-15","sys_updated_on":"2018-04-09 18:09:02","sys_tags":"","sys_created_by":"admin","__status":"success"},{"sys_id":"cfd7745fdbcd5300bb1d546fdf961932","sys_updated_by":"admin","sys_created_on":"2018-03-29 21:52:17","sys_mod_count":"2","u_nps":"7","u_score_date":"2018-04-26","sys_updated_on":"2018-04-09 18:09:02","sys_tags":"","sys_created_by":"admin","__status":"success"},{"sys_id":"e608745fdbcd5300bb1d546fdf9619cd","sys_updated_by":"admin","sys_created_on":"2018-03-29 21:53:12","sys_mod_count":"2","u_nps":"7","u_score_date":"2018-02-22","sys_updated_on":"2018-04-09 18:09:02","sys_tags":"","sys_created_by":"admin","__status":"success"},{"sys_id":"f2a7b05fdbcd5300bb1d546fdf961951","sys_updated_by":"admin","sys_created_on":"2018-03-29 21:51:25","sys_mod_count":"3","u_nps":"7.1","u_score_date":"2018-04-05","sys_updated_on":"2018-04-09 18:09:02","sys_tags":"","sys_created_by":"admin","__status":"success"},{"sys_id":"f397f05fdbcd5300bb1d546fdf9619fd","sys_updated_by":"admin","sys_created_on":"2018-03-29 21:51:13","sys_mod_count":"2","u_nps":"7","u_score_date":"2018-03-08","sys_updated_on":"2018-04-09 18:09:03","sys_tags":"","sys_created_by":"admin","__status":"success"}]}